siparis_id,musteri_id,urun_id,kategori,fiyat,adet,tarih,durum
10001,18,40,Spor,3375.68,2,2024-01-01 00:00:00,Kargoda
10002,155,37,Elektronik,4804.91,1,2024-01-01 01:00:00,Teslim
10003,131,28,Giyim,1886.02,6,2024-01-01 02:00:00,Teslim
10004,88,44,Ev,2154.15,7,2024-01-01 03:00:00,Kargoda
10005,87,7,Kozmetik,4070.01,7,2024-01-01 04:00:00,Teslim
10006,171,46,Elektronik,2553.52,9,2024-01-01 05:00:00,Kargoda
10007,18,42,Ev,3696.04,5,2024-01-01 06:00:00,Teslim
10008,139,25,Elektronik,2325.56,8,2024-01-01 07:00:00,Teslim
10009,41,36,Kozmetik,1116.7,7,2024-01-01 08:00:00,Teslim
10010,19,26,Kozmetik,3738.76,3,2024-01-01 09:00:00,Kargoda
10011,105,14,Ev,699.22,8,2024-01-01 10:00:00,Teslim
10012,195,40,Giyim,1032.99,1,2024-01-01 11:00:00,İptal
10013,147,13,Elektronik,3152.78,6,2024-01-01 12:00:00,Kargoda
10014,152,16,Spor,3748.99,9,2024-01-01 13:00:00,Teslim
10015,143,26,Kozmetik,4478.71,6,2024-01-01 14:00:00,Teslim
10016,157,42,Giyim,1399.3,9,2024-01-01 15:00:00,Kargoda
10017,103,19,Ev,598.09,1,2024-01-01 16:00:00,İptal
10018,26,25,Kozmetik,4782.43,5,2024-01-01 17:00:00,Teslim
10019,168,3,Kozmetik,814.39,8,2024-01-01 18:00:00,Teslim
10020,90,6,Ev,1028.45,6,2024-01-01 19:00:00,Teslim
10021,100,3,Giyim,1492.08,8,2024-01-01 20:00:00,Teslim
10022,74,4,Kozmetik,2670.49,5,2024-01-01 21:00:00,Kargoda
10023,37,43,Kozmetik,4419.99,7,2024-01-01 22:00:00,Teslim
10024,185,42,Ev,3814.7,4,2024-01-01 23:00:00,Teslim
10025,156,41,Elektronik,3555.38,8,2024-01-02 00:00:00,Teslim
10026,129,3,Ev,917.14,2,2024-01-02 01:00:00,Teslim
10027,81,4,Kozmetik,1820.53,3,2024-01-02 02:00:00,Teslim
10028,164,14,Spor,2418.1,1,2024-01-02 03:00:00,İptal
10029,109,28,Ev,779.76,7,2024-01-02 04:00:00,Teslim
10030,89,17,Giyim,1403.48,3,2024-01-02 05:00:00,Teslim
10031,90,24,Ev,1576.25,3,2024-01-02 06:00:00,Kargoda
10032,46,9,Elektronik,680.02,8,2024-01-02 07:00:00,Teslim
10033,19,36,Elektronik,2773.69,4,2024-01-02 08:00:00,Teslim
10034,111,16,Kozmetik,3539.89,2,2024-01-02 09:00:00,Teslim
10035,177,4,Spor,396.16,1,2024-01-02 10:00:00,İade
10036,13,37,Spor,2431.56,3,2024-01-02 11:00:00,Kargoda
10037,171,45,Ev,3921.95,9,2024-01-02 12:00:00,Teslim
10038,165,1,Elektronik,3752.55,5,2024-01-02 13:00:00,Teslim
10039,56,22,Spor,4084.61,9,2024-01-02 14:00:00,Teslim
10040,126,41,Ev,2268.79,2,2024-01-02 15:00:00,Teslim
10041,33,35,Giyim,4111.76,4,2024-01-02 16:00:00,Teslim
10042,151,42,Spor,1241.73,2,2024-01-02 17:00:00,İptal
10043,140,21,Kozmetik,1836.01,4,2024-01-02 18:00:00,Kargoda
10044,71,19,Kozmetik,922.96,6,2024-01-02 19:00:00,Teslim
10045,14,35,Giyim,2364.05,8,2024-01-02 20:00:00,Kargoda
10046,194,8,Spor,1990.7,4,2024-01-02 21:00:00,İade
10047,89,12,Ev,1242.59,7,2024-01-02 22:00:00,Teslim
10048,178,30,Ev,3771.31,6,2024-01-02 23:00:00,Teslim
10049,135,33,Kozmetik,1603.54,3,2024-01-03 00:00:00,İptal
10050,155,6,Kozmetik,1400.38,9,2024-01-03 01:00:00,Teslim
10051,152,25,Elektronik,697.91,4,2024-01-03 02:00:00,İptal
10052,39,18,Giyim,2222.17,2,2024-01-03 03:00:00,Teslim
10053,73,25,Giyim,1549.67,9,2024-01-03 04:00:00,Teslim
10054,93,47,Spor,1877.9,9,2024-01-03 05:00:00,Kargoda
10055,100,4,Kozmetik,1218.19,1,2024-01-03 06:00:00,Teslim
10056,9,49,Giyim,3827.62,9,2024-01-03 07:00:00,Teslim
10057,109,23,Kozmetik,4653.52,9,2024-01-03 08:00:00,Teslim
10058,31,38,Kozmetik,2514.76,8,2024-01-03 09:00:00,Teslim
10059,148,21,Giyim,3232.84,3,2024-01-03 10:00:00,Teslim
10060,136,16,Ev,4342.5,6,2024-01-03 11:00:00,Teslim
10061,184,38,Spor,4994.21,5,2024-01-03 12:00:00,Teslim
10062,149,34,Ev,3086.91,6,2024-01-03 13:00:00,Teslim
10063,73,8,Elektronik,4454.41,6,2024-01-03 14:00:00,Teslim
10064,193,35,Kozmetik,4547.61,6,2024-01-03 15:00:00,İptal
10065,82,37,Ev,3967.68,5,2024-01-03 16:00:00,Teslim
10066,65,20,Ev,2331.61,7,2024-01-03 17:00:00,Teslim
10067,181,46,Kozmetik,451.71,5,2024-01-03 18:00:00,Teslim
10068,74,32,Spor,128.24,1,2024-01-03 19:00:00,Teslim
10069,16,17,Giyim,2412.14,1,2024-01-03 20:00:00,Kargoda
10070,94,1,Ev,2496.86,9,2024-01-03 21:00:00,Teslim
10071,159,34,Elektronik,2066.44,9,2024-01-03 22:00:00,Teslim
10072,38,11,Kozmetik,2862.43,6,2024-01-03 23:00:00,İade
10073,93,38,Ev,2783.21,2,2024-01-04 00:00:00,Kargoda
10074,26,26,Giyim,4191.23,8,2024-01-04 01:00:00,Kargoda
10075,137,23,Kozmetik,587.85,2,2024-01-04 02:00:00,İptal
10076,95,9,Ev,1164.63,4,2024-01-04 03:00:00,İptal
10077,66,35,Ev,3975.37,3,2024-01-04 04:00:00,Teslim
10078,46,9,Ev,4246.79,1,2024-01-04 05:00:00,Teslim
10079,113,21,Giyim,4974.38,8,2024-01-04 06:00:00,Teslim
10080,134,41,Elektronik,4370.91,5,2024-01-04 07:00:00,Teslim
10081,188,46,Spor,4455.0,3,2024-01-04 08:00:00,Teslim
10082,87,49,Elektronik,1606.02,5,2024-01-04 09:00:00,Teslim
10083,32,47,Giyim,2038.23,1,2024-01-04 10:00:00,Teslim
10084,166,28,Kozmetik,1377.02,4,2024-01-04 11:00:00,Kargoda
10085,126,10,Elektronik,3051.18,5,2024-01-04 12:00:00,Kargoda
10086,140,42,Kozmetik,4697.09,4,2024-01-04 13:00:00,Teslim
10087,20,40,Kozmetik,1755.97,8,2024-01-04 14:00:00,Teslim
10088,63,49,Kozmetik,2807.16,3,2024-01-04 15:00:00,Teslim
10089,153,32,Giyim,1516.68,2,2024-01-04 16:00:00,Teslim
10090,166,7,Elektronik,890.51,5,2024-01-04 17:00:00,İptal
10091,87,25,Spor,1016.17,8,2024-01-04 18:00:00,İptal
10092,161,22,Giyim,336.83,4,2024-01-04 19:00:00,İptal
10093,168,42,Spor,4749.0,1,2024-01-04 20:00:00,İptal
10094,78,20,Elektronik,2044.25,9,2024-01-04 21:00:00,İade
10095,179,17,Elektronik,4178.9,4,2024-01-04 22:00:00,Teslim
10096,58,4,Kozmetik,3422.58,2,2024-01-04 23:00:00,Teslim
10097,48,41,Spor,1000.01,6,2024-01-05 00:00:00,Teslim
10098,136,38,Spor,918.54,3,2024-01-05 01:00:00,Teslim
10099,127,3,Kozmetik,4069.34,9,2024-01-05 02:00:00,Teslim
10100,28,22,Giyim,1360.32,3,2024-01-05 03:00:00,Teslim
10101,166,24,Spor,4570.76,5,2024-01-05 04:00:00,İade
10102,40,23,Kozmetik,743.27,5,2024-01-05 05:00:00,Teslim
10103,161,46,Elektronik,3404.66,3,2024-01-05 06:00:00,İade
10104,2,8,Elektronik,4081.65,5,2024-01-05 07:00:00,Kargoda
10105,159,16,Spor,1214.52,1,2024-01-05 08:00:00,Teslim
10106,157,9,Giyim,1417.23,6,2024-01-05 09:00:00,Teslim
10107,156,12,Kozmetik,4824.37,7,2024-01-05 10:00:00,Teslim
10108,133,45,Elektronik,1359.76,9,2024-01-05 11:00:00,Teslim
10109,94,47,Giyim,2178.29,3,2024-01-05 12:00:00,Teslim
10110,141,3,Giyim,2190.95,3,2024-01-05 13:00:00,İptal
10111,56,31,Giyim,1302.52,5,2024-01-05 14:00:00,Teslim
10112,156,12,Kozmetik,3890.17,7,2024-01-05 15:00:00,Teslim
10113,111,10,Spor,3870.65,9,2024-01-05 16:00:00,Kargoda
10114,92,15,Spor,1922.67,1,2024-01-05 17:00:00,Teslim
10115,101,10,Kozmetik,4183.87,3,2024-01-05 18:00:00,Teslim
10116,114,25,Giyim,1104.72,3,2024-01-05 19:00:00,Teslim
10117,8,49,Spor,71.31,3,2024-01-05 20:00:00,Teslim
10118,28,29,Ev,2877.28,5,2024-01-05 21:00:00,Teslim
10119,49,36,Ev,4970.68,8,2024-01-05 22:00:00,Teslim
10120,23,25,Kozmetik,241.29,1,2024-01-05 23:00:00,Teslim
10121,88,1,Kozmetik,1079.59,8,2024-01-06 00:00:00,Teslim
10122,134,5,Spor,2618.63,6,2024-01-06 01:00:00,Teslim
10123,131,14,Ev,4059.21,6,2024-01-06 02:00:00,Teslim
10124,94,12,Kozmetik,490.76,7,2024-01-06 03:00:00,Teslim
10125,171,42,Kozmetik,2006.41,2,2024-01-06 04:00:00,Teslim
10126,113,42,Giyim,3748.03,7,2024-01-06 05:00:00,Teslim
10127,16,42,Giyim,1889.14,3,2024-01-06 06:00:00,Teslim
10128,153,32,Kozmetik,984.74,5,2024-01-06 07:00:00,Teslim
10129,115,28,Elektronik,1017.7,7,2024-01-06 08:00:00,Teslim
10130,127,32,Giyim,2079.74,6,2024-01-06 09:00:00,İptal
10131,113,20,Kozmetik,2423.11,3,2024-01-06 10:00:00,Teslim
10132,111,33,Spor,4315.98,4,2024-01-06 11:00:00,İptal
10133,19,39,Ev,3229.15,5,2024-01-06 12:00:00,Teslim
10134,112,38,Giyim,3467.49,1,2024-01-06 13:00:00,Teslim
10135,159,31,Ev,4915.79,7,2024-01-06 14:00:00,Kargoda
10136,61,3,Kozmetik,2088.63,1,2024-01-06 15:00:00,Kargoda
10137,120,36,Ev,2046.6,5,2024-01-06 16:00:00,Kargoda
10138,7,18,Elektronik,4620.57,6,2024-01-06 17:00:00,Teslim
10139,70,37,Ev,1267.08,1,2024-01-06 18:00:00,Kargoda
10140,87,27,Ev,3662.59,9,2024-01-06 19:00:00,Teslim
10141,196,44,Kozmetik,3785.14,4,2024-01-06 20:00:00,Teslim
10142,43,17,Spor,534.05,1,2024-01-06 21:00:00,Teslim
10143,56,46,Spor,2367.75,6,2024-01-06 22:00:00,İade
10144,82,42,Kozmetik,1042.78,6,2024-01-06 23:00:00,Teslim
10145,198,17,Giyim,967.61,6,2024-01-07 00:00:00,Kargoda
10146,170,24,Ev,2345.95,7,2024-01-07 01:00:00,Teslim
10147,7,27,Elektronik,1482.68,5,2024-01-07 02:00:00,Kargoda
10148,47,38,Spor,3990.5,8,2024-01-07 03:00:00,Kargoda
10149,164,34,Spor,4542.64,4,2024-01-07 04:00:00,İptal
10150,12,42,Spor,4023.47,5,2024-01-07 05:00:00,Teslim
10151,171,19,Giyim,1366.85,2,2024-01-07 06:00:00,Teslim
10152,56,25,Giyim,1406.97,6,2024-01-07 07:00:00,Teslim
10153,183,22,Spor,1310.91,3,2024-01-07 08:00:00,Teslim
10154,59,45,Ev,718.44,7,2024-01-07 09:00:00,Teslim
10155,87,15,Kozmetik,4721.8,8,2024-01-07 10:00:00,Teslim
10156,132,29,Ev,2040.14,8,2024-01-07 11:00:00,Teslim
10157,26,6,Ev,1162.21,9,2024-01-07 12:00:00,Teslim
10158,111,42,Kozmetik,4241.02,2,2024-01-07 13:00:00,Teslim
10159,101,19,Spor,2026.02,2,2024-01-07 14:00:00,İptal
10160,156,17,Giyim,223.83,9,2024-01-07 15:00:00,Teslim
10161,199,29,Spor,851.61,4,2024-01-07 16:00:00,İade
10162,133,25,Giyim,3214.29,1,2024-01-07 17:00:00,İade
10163,82,42,Ev,3925.38,3,2024-01-07 18:00:00,Teslim
10164,81,27,Spor,1094.13,8,2024-01-07 19:00:00,Kargoda
10165,84,26,Spor,4591.11,4,2024-01-07 20:00:00,Teslim
10166,162,6,Spor,4262.44,1,2024-01-07 21:00:00,Teslim
10167,64,2,Giyim,4249.48,7,2024-01-07 22:00:00,Teslim
10168,34,20,Spor,1176.92,2,2024-01-07 23:00:00,Teslim
10169,67,49,Spor,300.15,4,2024-01-08 00:00:00,Teslim
10170,5,45,Spor,4343.75,1,2024-01-08 01:00:00,Teslim
10171,22,31,Elektronik,1563.71,6,2024-01-08 02:00:00,İade
10172,18,31,Kozmetik,3113.64,5,2024-01-08 03:00:00,Teslim
10173,154,20,Spor,3811.84,8,2024-01-08 04:00:00,Kargoda
10174,144,9,Kozmetik,685.05,4,2024-01-08 05:00:00,İade
10175,139,1,Giyim,3915.15,2,2024-01-08 06:00:00,Teslim
10176,92,17,Kozmetik,4695.63,2,2024-01-08 07:00:00,Teslim
10177,143,16,Elektronik,3655.46,2,2024-01-08 08:00:00,İptal
10178,33,10,Ev,2234.05,5,2024-01-08 09:00:00,Teslim
10179,180,13,Kozmetik,4389.56,1,2024-01-08 10:00:00,Teslim
10180,100,2,Ev,2660.92,4,2024-01-08 11:00:00,Teslim
10181,187,30,Kozmetik,3736.62,8,2024-01-08 12:00:00,İptal
10182,31,46,Giyim,4111.5,7,2024-01-08 13:00:00,Teslim
10183,99,34,Kozmetik,3759.3,6,2024-01-08 14:00:00,Teslim
10184,139,22,Kozmetik,1474.88,9,2024-01-08 15:00:00,Teslim
10185,99,21,Kozmetik,633.33,8,2024-01-08 16:00:00,Teslim
10186,89,16,Giyim,1229.78,6,2024-01-08 17:00:00,Teslim
10187,34,7,Giyim,2539.23,8,2024-01-08 18:00:00,Kargoda
10188,76,30,Giyim,2551.12,2,2024-01-08 19:00:00,İptal
10189,48,28,Ev,2934.09,8,2024-01-08 20:00:00,Teslim
10190,61,1,Ev,2005.75,3,2024-01-08 21:00:00,Teslim
10191,137,21,Giyim,3945.11,7,2024-01-08 22:00:00,Teslim
10192,126,14,Ev,4570.11,9,2024-01-08 23:00:00,Teslim
10193,121,9,Giyim,1271.29,5,2024-01-09 00:00:00,Teslim
10194,73,35,Giyim,3695.79,1,2024-01-09 01:00:00,Teslim
10195,191,26,Kozmetik,3405.96,4,2024-01-09 02:00:00,Teslim
10196,18,32,Spor,2639.3,4,2024-01-09 03:00:00,Teslim
10197,69,35,Giyim,983.22,9,2024-01-09 04:00:00,Teslim
10198,24,49,Spor,3986.4,9,2024-01-09 05:00:00,Teslim
10199,68,40,Ev,4805.1,6,2024-01-09 06:00:00,Teslim
10200,192,31,Elektronik,3623.09,9,2024-01-09 07:00:00,İptal
10201,73,44,Giyim,4593.41,4,2024-01-09 08:00:00,Kargoda
10202,181,24,Elektronik,4921.72,4,2024-01-09 09:00:00,İptal
10203,99,49,Elektronik,1792.65,8,2024-01-09 10:00:00,İptal
10204,140,38,Giyim,3209.21,7,2024-01-09 11:00:00,Teslim
10205,92,32,Ev,2395.97,5,2024-01-09 12:00:00,İptal
10206,53,45,Kozmetik,4933.81,5,2024-01-09 13:00:00,Teslim
10207,153,26,Elektronik,514.35,7,2024-01-09 14:00:00,Teslim
10208,193,36,Spor,2091.26,7,2024-01-09 15:00:00,Teslim
10209,53,14,Giyim,4383.92,5,2024-01-09 16:00:00,Teslim
10210,155,48,Elektronik,1456.05,1,2024-01-09 17:00:00,Teslim
10211,52,31,Kozmetik,3949.57,1,2024-01-09 18:00:00,Teslim
10212,143,39,Kozmetik,1944.78,2,2024-01-09 19:00:00,Kargoda
10213,158,23,Kozmetik,4900.89,5,2024-01-09 20:00:00,Kargoda
10214,90,43,Elektronik,4423.47,6,2024-01-09 21:00:00,Teslim
10215,147,4,Elektronik,1541.54,8,2024-01-09 22:00:00,Teslim
10216,55,6,Giyim,3862.46,3,2024-01-09 23:00:00,Kargoda
10217,16,25,Ev,1717.44,8,2024-01-10 00:00:00,Teslim
10218,20,36,Spor,3051.5,6,2024-01-10 01:00:00,Teslim
10219,89,40,Giyim,3309.48,1,2024-01-10 02:00:00,Teslim
10220,180,22,Elektronik,4156.5,4,2024-01-10 03:00:00,Teslim
10221,26,32,Spor,171.03,3,2024-01-10 04:00:00,Teslim
10222,91,28,Elektronik,1139.78,8,2024-01-10 05:00:00,Kargoda
10223,141,48,Elektronik,3573.99,9,2024-01-10 06:00:00,Kargoda
10224,41,33,Ev,2839.44,8,2024-01-10 07:00:00,Teslim
10225,144,21,Ev,2503.25,5,2024-01-10 08:00:00,Teslim
10226,61,48,Kozmetik,323.29,5,2024-01-10 09:00:00,Kargoda
10227,161,6,Spor,1773.97,3,2024-01-10 10:00:00,Teslim
10228,116,49,Spor,4332.25,7,2024-01-10 11:00:00,Teslim
10229,109,8,Giyim,202.92,1,2024-01-10 12:00:00,Teslim
10230,36,15,Spor,2012.36,3,2024-01-10 13:00:00,Teslim
10231,93,41,Kozmetik,4728.48,2,2024-01-10 14:00:00,Teslim
10232,171,36,Elektronik,301.86,5,2024-01-10 15:00:00,Teslim
10233,4,48,Spor,3761.04,3,2024-01-10 16:00:00,Teslim
10234,151,37,Elektronik,1325.18,2,2024-01-10 17:00:00,Teslim
10235,99,32,Ev,4339.71,4,2024-01-10 18:00:00,Teslim
10236,144,17,Kozmetik,3743.04,8,2024-01-10 19:00:00,Teslim
10237,132,1,Giyim,4434.24,6,2024-01-10 20:00:00,İade
10238,86,7,Giyim,1118.83,8,2024-01-10 21:00:00,Teslim
10239,62,15,Ev,2679.9,9,2024-01-10 22:00:00,Teslim
10240,125,3,Spor,3907.39,9,2024-01-10 23:00:00,Teslim
10241,28,25,Giyim,1266.21,4,2024-01-11 00:00:00,İptal
10242,117,39,Kozmetik,1192.19,8,2024-01-11 01:00:00,Teslim
10243,19,48,Ev,184.55,9,2024-01-11 02:00:00,İptal
10244,130,24,Elektronik,4794.65,9,2024-01-11 03:00:00,Teslim
10245,126,43,Kozmetik,3564.58,4,2024-01-11 04:00:00,Teslim
10246,17,49,Spor,3196.02,3,2024-01-11 05:00:00,Teslim
10247,151,43,Ev,3732.77,6,2024-01-11 06:00:00,Teslim
10248,83,23,Elektronik,2681.48,9,2024-01-11 07:00:00,Kargoda
10249,157,16,Elektronik,2406.86,9,2024-01-11 08:00:00,İptal
10250,9,48,Ev,2275.18,6,2024-01-11 09:00:00,Teslim
10251,36,12,Ev,3220.17,2,2024-01-11 10:00:00,İade
10252,99,21,Ev,1047.6,4,2024-01-11 11:00:00,Teslim
10253,38,4,Giyim,4445.89,7,2024-01-11 12:00:00,Teslim
10254,66,39,Ev,4068.17,6,2024-01-11 13:00:00,Teslim
10255,132,32,Giyim,1780.34,4,2024-01-11 14:00:00,Teslim
10256,29,5,Kozmetik,2914.12,4,2024-01-11 15:00:00,Kargoda
10257,135,11,Kozmetik,748.09,1,2024-01-11 16:00:00,Teslim
10258,21,28,Kozmetik,4863.11,3,2024-01-11 17:00:00,Teslim
10259,35,27,Elektronik,4519.32,7,2024-01-11 18:00:00,Teslim
10260,117,40,Spor,4613.39,3,2024-01-11 19:00:00,Teslim
10261,158,14,Elektronik,1694.21,9,2024-01-11 20:00:00,Teslim
10262,34,46,Spor,887.22,1,2024-01-11 21:00:00,Teslim
10263,60,22,Elektronik,1098.27,6,2024-01-11 22:00:00,Teslim
10264,185,41,Ev,495.51,5,2024-01-11 23:00:00,Teslim
10265,197,12,Elektronik,644.55,8,2024-01-12 00:00:00,Teslim
10266,116,2,Elektronik,402.96,8,2024-01-12 01:00:00,Teslim
10267,89,3,Kozmetik,4949.62,5,2024-01-12 02:00:00,Teslim
10268,70,19,Kozmetik,416.59,6,2024-01-12 03:00:00,Kargoda
10269,122,47,Elektronik,706.08,7,2024-01-12 04:00:00,İade
10270,118,3,Spor,4144.91,5,2024-01-12 05:00:00,Teslim
10271,59,19,Giyim,2922.19,2,2024-01-12 06:00:00,İade
10272,5,6,Giyim,3883.37,4,2024-01-12 07:00:00,Teslim
10273,31,46,Giyim,3173.01,3,2024-01-12 08:00:00,Teslim
10274,191,34,Ev,4416.77,5,2024-01-12 09:00:00,Kargoda
10275,84,38,Elektronik,3210.41,6,2024-01-12 10:00:00,Kargoda
10276,96,35,Ev,2634.52,2,2024-01-12 11:00:00,Kargoda
10277,93,33,Giyim,3578.11,3,2024-01-12 12:00:00,Teslim
10278,156,38,Elektronik,2264.59,8,2024-01-12 13:00:00,Teslim
10279,13,1,Giyim,1763.02,4,2024-01-12 14:00:00,Teslim
10280,17,43,Kozmetik,2364.88,2,2024-01-12 15:00:00,Teslim
10281,55,37,Kozmetik,890.08,7,2024-01-12 16:00:00,Teslim
10282,97,37,Giyim,3993.03,7,2024-01-12 17:00:00,Teslim
10283,134,20,Giyim,1340.48,8,2024-01-12 18:00:00,Teslim
10284,98,40,Kozmetik,809.98,7,2024-01-12 19:00:00,Teslim
10285,88,19,Kozmetik,1269.44,9,2024-01-12 20:00:00,Teslim
10286,187,3,Spor,4218.25,6,2024-01-12 21:00:00,Teslim
10287,33,45,Spor,1684.5,3,2024-01-12 22:00:00,Teslim
10288,114,12,Spor,3445.95,8,2024-01-12 23:00:00,Teslim
10289,108,5,Spor,4289.23,3,2024-01-13 00:00:00,Teslim
10290,95,31,Ev,434.84,3,2024-01-13 01:00:00,Teslim
10291,161,12,Giyim,3836.87,8,2024-01-13 02:00:00,Teslim
10292,54,43,Giyim,1572.94,8,2024-01-13 03:00:00,Kargoda
10293,190,22,Giyim,1122.28,4,2024-01-13 04:00:00,Teslim
10294,66,1,Kozmetik,3460.06,7,2024-01-13 05:00:00,Teslim
10295,109,47,Kozmetik,4553.49,9,2024-01-13 06:00:00,Teslim
10296,104,26,Spor,1510.35,8,2024-01-13 07:00:00,İade
10297,170,13,Elektronik,2865.73,1,2024-01-13 08:00:00,Kargoda
10298,88,34,Ev,1484.68,6,2024-01-13 09:00:00,Teslim
10299,57,26,Giyim,2793.71,2,2024-01-13 10:00:00,Teslim
10300,5,2,Spor,3128.22,8,2024-01-13 11:00:00,Teslim
10301,73,38,Giyim,3071.16,1,2024-01-13 12:00:00,İptal
10302,165,20,Elektronik,3136.55,9,2024-01-13 13:00:00,Teslim
10303,2,35,Ev,718.64,2,2024-01-13 14:00:00,Teslim
10304,179,44,Spor,3483.03,4,2024-01-13 15:00:00,İade
10305,109,30,Spor,3390.01,3,2024-01-13 16:00:00,Kargoda
10306,28,33,Elektronik,3428.81,8,2024-01-13 17:00:00,Teslim
10307,61,13,Giyim,416.65,4,2024-01-13 18:00:00,Teslim
10308,111,12,Elektronik,2261.85,7,2024-01-13 19:00:00,Teslim
10309,63,21,Giyim,2074.72,1,2024-01-13 20:00:00,Teslim
10310,22,42,Ev,479.22,5,2024-01-13 21:00:00,Teslim
10311,133,26,Giyim,1150.72,9,2024-01-13 22:00:00,İptal
10312,134,18,Elektronik,2232.77,9,2024-01-13 23:00:00,İptal
10313,24,39,Ev,3727.39,2,2024-01-14 00:00:00,Teslim
10314,56,42,Elektronik,1223.46,4,2024-01-14 01:00:00,Teslim
10315,49,45,Giyim,4157.26,4,2024-01-14 02:00:00,Teslim
10316,132,15,Elektronik,2751.7,6,2024-01-14 03:00:00,Teslim
10317,146,35,Elektronik,3814.09,5,2024-01-14 04:00:00,Kargoda
10318,145,29,Ev,2389.15,1,2024-01-14 05:00:00,Teslim
10319,187,22,Spor,2521.01,7,2024-01-14 06:00:00,Teslim
10320,153,20,Kozmetik,3117.61,3,2024-01-14 07:00:00,Teslim
10321,64,6,Elektronik,4643.45,3,2024-01-14 08:00:00,Teslim
10322,22,14,Elektronik,2484.47,8,2024-01-14 09:00:00,Teslim
10323,123,27,Giyim,2666.85,7,2024-01-14 10:00:00,Kargoda
10324,183,44,Kozmetik,3029.88,4,2024-01-14 11:00:00,Kargoda
10325,195,43,Kozmetik,3700.7,9,2024-01-14 12:00:00,Teslim
10326,46,10,Spor,405.66,4,2024-01-14 13:00:00,Kargoda
10327,48,34,Giyim,2602.65,6,2024-01-14 14:00:00,Teslim
10328,8,5,Elektronik,2433.88,3,2024-01-14 15:00:00,Kargoda
10329,29,34,Elektronik,4612.34,2,2024-01-14 16:00:00,Teslim
10330,111,17,Elektronik,2492.86,5,2024-01-14 17:00:00,Teslim
10331,109,23,Elektronik,2368.19,6,2024-01-14 18:00:00,İptal
10332,74,36,Spor,4812.89,8,2024-01-14 19:00:00,Teslim
10333,62,21,Giyim,2280.35,4,2024-01-14 20:00:00,Teslim
10334,166,40,Spor,945.38,9,2024-01-14 21:00:00,Teslim
10335,92,27,Ev,1123.73,6,2024-01-14 22:00:00,Teslim
10336,161,49,Ev,521.18,1,2024-01-14 23:00:00,Teslim
10337,192,32,Ev,52.81,7,2024-01-15 00:00:00,Teslim
10338,64,15,Spor,2188.13,6,2024-01-15 01:00:00,İptal
10339,41,38,Elektronik,3857.75,4,2024-01-15 02:00:00,Teslim
10340,190,20,Elektronik,3680.66,5,2024-01-15 03:00:00,Teslim
10341,127,27,Ev,209.14,3,2024-01-15 04:00:00,Teslim
10342,58,7,Giyim,2871.42,6,2024-01-15 05:00:00,Kargoda
10343,124,6,Ev,813.7,6,2024-01-15 06:00:00,Teslim
10344,103,29,Kozmetik,4708.33,5,2024-01-15 07:00:00,Teslim
10345,181,10,Ev,878.46,3,2024-01-15 08:00:00,Teslim
10346,51,49,Giyim,3151.86,4,2024-01-15 09:00:00,Teslim
10347,198,42,Giyim,1664.88,5,2024-01-15 10:00:00,Kargoda
10348,187,35,Kozmetik,3225.73,5,2024-01-15 11:00:00,Teslim
10349,36,37,Giyim,2090.68,3,2024-01-15 12:00:00,Kargoda
10350,33,30,Ev,3810.23,6,2024-01-15 13:00:00,Teslim
10351,107,3,Ev,1191.86,3,2024-01-15 14:00:00,Teslim
10352,9,20,Kozmetik,4533.67,5,2024-01-15 15:00:00,Teslim
10353,60,25,Kozmetik,2526.04,2,2024-01-15 16:00:00,Teslim
10354,87,45,Ev,3792.66,5,2024-01-15 17:00:00,Teslim
10355,193,11,Giyim,4256.16,8,2024-01-15 18:00:00,Teslim
10356,198,25,Giyim,4994.2,8,2024-01-15 19:00:00,Teslim
10357,31,17,Ev,1158.53,7,2024-01-15 20:00:00,Teslim
10358,178,7,Giyim,1470.12,7,2024-01-15 21:00:00,Teslim
10359,19,6,Kozmetik,1289.64,1,2024-01-15 22:00:00,Teslim
10360,149,18,Giyim,1351.21,4,2024-01-15 23:00:00,Teslim
10361,169,5,Kozmetik,2933.1,6,2024-01-16 00:00:00,Teslim
10362,178,4,Kozmetik,4967.94,8,2024-01-16 01:00:00,Teslim
10363,45,18,Spor,4951.88,6,2024-01-16 02:00:00,Teslim
10364,178,10,Elektronik,2657.53,8,2024-01-16 03:00:00,Teslim
10365,24,28,Kozmetik,3213.18,3,2024-01-16 04:00:00,Teslim
10366,104,1,Elektronik,4306.85,2,2024-01-16 05:00:00,Teslim
10367,94,15,Giyim,4668.02,1,2024-01-16 06:00:00,Teslim
10368,63,23,Elektronik,1059.11,6,2024-01-16 07:00:00,Teslim
10369,5,48,Elektronik,2666.28,6,2024-01-16 08:00:00,Teslim
10370,154,32,Elektronik,4172.54,3,2024-01-16 09:00:00,Teslim
10371,67,44,Elektronik,1550.85,8,2024-01-16 10:00:00,İptal
10372,132,17,Spor,2227.05,7,2024-01-16 11:00:00,Teslim
10373,82,23,Elektronik,4928.82,4,2024-01-16 12:00:00,İptal
10374,75,21,Giyim,4925.98,3,2024-01-16 13:00:00,Teslim
10375,177,44,Kozmetik,4535.23,7,2024-01-16 14:00:00,Teslim
10376,19,48,Spor,4002.32,7,2024-01-16 15:00:00,Teslim
10377,147,48,Spor,1382.2,2,2024-01-16 16:00:00,Teslim
10378,149,37,Elektronik,1638.21,3,2024-01-16 17:00:00,İptal
10379,76,25,Spor,2759.05,5,2024-01-16 18:00:00,Teslim
10380,53,27,Kozmetik,2825.85,5,2024-01-16 19:00:00,İade
10381,2,49,Elektronik,2552.24,2,2024-01-16 20:00:00,Teslim
10382,187,14,Ev,3201.52,9,2024-01-16 21:00:00,İptal
10383,189,17,Spor,2071.2,4,2024-01-16 22:00:00,İptal
10384,48,44,Giyim,3758.41,4,2024-01-16 23:00:00,Teslim
10385,7,19,Elektronik,1701.07,1,2024-01-17 00:00:00,Teslim
10386,25,12,Spor,1686.85,8,2024-01-17 01:00:00,Teslim
10387,14,28,Spor,679.77,3,2024-01-17 02:00:00,Teslim
10388,166,16,Spor,984.13,9,2024-01-17 03:00:00,İptal
10389,178,44,Spor,4260.08,5,2024-01-17 04:00:00,Teslim
10390,31,45,Spor,2259.1,8,2024-01-17 05:00:00,Teslim
10391,149,15,Ev,1177.95,2,2024-01-17 06:00:00,Teslim
10392,36,26,Elektronik,3808.74,2,2024-01-17 07:00:00,Teslim
10393,74,49,Kozmetik,2792.21,8,2024-01-17 08:00:00,İade
10394,120,37,Giyim,154.72,8,2024-01-17 09:00:00,Teslim
10395,144,11,Ev,1615.99,5,2024-01-17 10:00:00,Kargoda
10396,175,29,Kozmetik,926.16,1,2024-01-17 11:00:00,İptal
10397,9,31,Spor,3296.57,9,2024-01-17 12:00:00,Teslim
10398,40,33,Giyim,1411.4,4,2024-01-17 13:00:00,Teslim
10399,56,2,Giyim,371.49,9,2024-01-17 14:00:00,Teslim
10400,62,15,Kozmetik,321.93,8,2024-01-17 15:00:00,Teslim
10401,199,42,Elektronik,2929.55,8,2024-01-17 16:00:00,Teslim
10402,155,12,Ev,157.53,7,2024-01-17 17:00:00,Kargoda
10403,64,15,Kozmetik,4251.52,7,2024-01-17 18:00:00,Teslim
10404,194,16,Ev,819.22,5,2024-01-17 19:00:00,İptal
10405,100,9,Giyim,3052.5,1,2024-01-17 20:00:00,İptal
10406,100,8,Spor,2251.21,4,2024-01-17 21:00:00,Kargoda
10407,87,18,Giyim,2242.12,7,2024-01-17 22:00:00,Teslim
10408,29,43,Kozmetik,405.4,8,2024-01-17 23:00:00,Teslim
10409,186,1,Ev,4023.62,6,2024-01-18 00:00:00,Teslim
10410,3,14,Elektronik,4470.61,7,2024-01-18 01:00:00,Teslim
10411,35,3,Ev,104.53,1,2024-01-18 02:00:00,Teslim
10412,46,28,Elektronik,934.09,5,2024-01-18 03:00:00,Teslim
10413,56,13,Spor,4524.33,5,2024-01-18 04:00:00,Teslim
10414,27,39,Kozmetik,2769.99,9,2024-01-18 05:00:00,Teslim
10415,4,29,Giyim,792.7,3,2024-01-18 06:00:00,Teslim
10416,135,39,Ev,1053.81,3,2024-01-18 07:00:00,Teslim
10417,193,32,Kozmetik,3316.93,4,2024-01-18 08:00:00,Teslim
10418,25,22,Giyim,3637.84,2,2024-01-18 09:00:00,Kargoda
10419,60,43,Giyim,3017.16,6,2024-01-18 10:00:00,Teslim
10420,101,24,Ev,4768.08,6,2024-01-18 11:00:00,İptal
10421,185,47,Giyim,2495.61,8,2024-01-18 12:00:00,İptal
10422,139,49,Kozmetik,1536.35,9,2024-01-18 13:00:00,Teslim
10423,153,29,Elektronik,2412.3,1,2024-01-18 14:00:00,Teslim
10424,116,34,Spor,1830.35,3,2024-01-18 15:00:00,Teslim
10425,83,13,Giyim,1160.86,3,2024-01-18 16:00:00,Teslim
10426,40,40,Ev,277.52,3,2024-01-18 17:00:00,Teslim
10427,172,33,Elektronik,1793.45,8,2024-01-18 18:00:00,Teslim
10428,161,45,Giyim,3571.48,2,2024-01-18 19:00:00,İptal
10429,5,14,Kozmetik,141.27,1,2024-01-18 20:00:00,İptal
10430,143,39,Giyim,2223.93,8,2024-01-18 21:00:00,Kargoda
10431,17,24,Elektronik,3237.85,9,2024-01-18 22:00:00,Teslim
10432,148,10,Ev,3071.5,3,2024-01-18 23:00:00,Teslim
10433,165,9,Elektronik,3894.41,3,2024-01-19 00:00:00,İade
10434,27,28,Giyim,4062.07,5,2024-01-19 01:00:00,Teslim
10435,87,16,Ev,3572.94,5,2024-01-19 02:00:00,Teslim
10436,25,5,Ev,558.85,9,2024-01-19 03:00:00,Teslim
10437,113,21,Kozmetik,2401.36,4,2024-01-19 04:00:00,Teslim
10438,185,32,Kozmetik,3036.86,1,2024-01-19 05:00:00,Teslim
10439,17,16,Spor,1265.55,4,2024-01-19 06:00:00,Teslim
10440,80,47,Elektronik,260.63,6,2024-01-19 07:00:00,Teslim
10441,194,39,Giyim,1156.77,5,2024-01-19 08:00:00,Teslim
10442,60,26,Elektronik,2301.73,5,2024-01-19 09:00:00,Teslim
10443,27,46,Elektronik,2098.96,9,2024-01-19 10:00:00,Teslim
10444,98,22,Giyim,924.5,8,2024-01-19 11:00:00,Teslim
10445,102,7,Ev,4130.86,3,2024-01-19 12:00:00,İptal
10446,132,2,Spor,4632.15,4,2024-01-19 13:00:00,Teslim
10447,63,46,Kozmetik,1046.67,7,2024-01-19 14:00:00,Teslim
10448,191,48,Kozmetik,4651.39,4,2024-01-19 15:00:00,Kargoda
10449,104,37,Kozmetik,138.41,4,2024-01-19 16:00:00,Teslim
10450,58,6,Elektronik,4628.56,2,2024-01-19 17:00:00,Kargoda
10451,192,15,Spor,4762.05,3,2024-01-19 18:00:00,Teslim
10452,185,3,Spor,109.66,7,2024-01-19 19:00:00,Teslim
10453,100,3,Elektronik,3826.95,8,2024-01-19 20:00:00,Teslim
10454,5,13,Ev,4852.5,8,2024-01-19 21:00:00,Teslim
10455,119,29,Spor,4534.22,3,2024-01-19 22:00:00,İade
10456,111,4,Ev,4855.02,2,2024-01-19 23:00:00,Kargoda
10457,30,49,Spor,2774.1,2,2024-01-20 00:00:00,İptal
10458,127,23,Spor,436.87,4,2024-01-20 01:00:00,İptal
10459,168,13,Ev,4256.46,5,2024-01-20 02:00:00,Teslim
10460,22,26,Elektronik,3088.45,9,2024-01-20 03:00:00,Kargoda
10461,144,39,Giyim,3092.95,9,2024-01-20 04:00:00,Teslim
10462,28,16,Giyim,2115.41,1,2024-01-20 05:00:00,Kargoda
10463,150,3,Ev,2880.62,7,2024-01-20 06:00:00,Teslim
10464,84,3,Ev,810.22,3,2024-01-20 07:00:00,Teslim
10465,2,42,Ev,3711.86,2,2024-01-20 08:00:00,Kargoda
10466,193,6,Elektronik,421.34,5,2024-01-20 09:00:00,Kargoda
10467,34,32,Giyim,3662.41,1,2024-01-20 10:00:00,Teslim
10468,119,19,Kozmetik,4252.44,4,2024-01-20 11:00:00,Teslim
10469,37,39,Elektronik,2388.72,5,2024-01-20 12:00:00,Teslim
10470,186,3,Giyim,2573.66,3,2024-01-20 13:00:00,İade
10471,147,44,Spor,1595.46,6,2024-01-20 14:00:00,Teslim
10472,161,35,Elektronik,4848.82,5,2024-01-20 15:00:00,Teslim
10473,86,23,Ev,3678.97,8,2024-01-20 16:00:00,Teslim
10474,94,11,Giyim,1876.49,2,2024-01-20 17:00:00,Teslim
10475,127,48,Elektronik,915.3,1,2024-01-20 18:00:00,Teslim
10476,157,15,Ev,1136.92,5,2024-01-20 19:00:00,Teslim
10477,169,25,Ev,2346.42,3,2024-01-20 20:00:00,Kargoda
10478,4,20,Elektronik,4715.71,7,2024-01-20 21:00:00,İptal
10479,133,12,Elektronik,3684.02,1,2024-01-20 22:00:00,İptal
10480,22,21,Elektronik,1115.46,6,2024-01-20 23:00:00,Teslim
10481,58,8,Kozmetik,4304.83,9,2024-01-21 00:00:00,Teslim
10482,166,1,Spor,1922.09,1,2024-01-21 01:00:00,Kargoda
10483,50,15,Elektronik,4266.02,3,2024-01-21 02:00:00,Kargoda
10484,159,6,Giyim,1246.41,8,2024-01-21 03:00:00,Teslim
10485,93,21,Giyim,3112.37,5,2024-01-21 04:00:00,Teslim
10486,47,43,Giyim,4637.02,2,2024-01-21 05:00:00,Kargoda
10487,67,8,Giyim,1326.58,2,2024-01-21 06:00:00,Teslim
10488,106,1,Elektronik,3479.99,7,2024-01-21 07:00:00,Kargoda
10489,153,6,Ev,4937.2,8,2024-01-21 08:00:00,Teslim
10490,121,25,Giyim,795.46,4,2024-01-21 09:00:00,Teslim
10491,186,14,Giyim,487.59,5,2024-01-21 10:00:00,Teslim
10492,173,24,Giyim,3387.27,8,2024-01-21 11:00:00,Teslim
10493,150,2,Spor,1731.69,2,2024-01-21 12:00:00,İptal
10494,121,17,Kozmetik,402.66,2,2024-01-21 13:00:00,Teslim
10495,58,21,Ev,2402.76,7,2024-01-21 14:00:00,Teslim
10496,83,22,Giyim,3781.16,2,2024-01-21 15:00:00,Kargoda
10497,24,28,Spor,1461.36,7,2024-01-21 16:00:00,Kargoda
10498,75,39,Spor,1708.48,5,2024-01-21 17:00:00,Kargoda
10499,185,23,Elektronik,4236.21,9,2024-01-21 18:00:00,Teslim
10500,85,42,Spor,2624.36,1,2024-01-21 19:00:00,İptal
10501,23,26,Kozmetik,4221.52,9,2024-01-21 20:00:00,Teslim
10502,130,13,Elektronik,2259.63,3,2024-01-21 21:00:00,Teslim
10503,192,12,Kozmetik,4767.23,1,2024-01-21 22:00:00,Teslim
10504,173,16,Elektronik,3271.43,7,2024-01-21 23:00:00,Teslim
10505,55,30,Elektronik,623.7,5,2024-01-22 00:00:00,Kargoda
10506,91,12,Elektronik,4431.21,8,2024-01-22 01:00:00,Teslim
10507,106,45,Ev,2471.86,1,2024-01-22 02:00:00,Teslim
10508,50,24,Kozmetik,751.11,1,2024-01-22 03:00:00,Kargoda
10509,54,43,Ev,805.82,6,2024-01-22 04:00:00,Teslim
10510,48,34,Elektronik,3453.29,8,2024-01-22 05:00:00,Teslim
10511,198,17,Elektronik,284.49,4,2024-01-22 06:00:00,İade
10512,149,12,Spor,1468.64,8,2024-01-22 07:00:00,Kargoda
10513,168,37,Spor,741.95,9,2024-01-22 08:00:00,İade
10514,163,17,Kozmetik,2233.33,8,2024-01-22 09:00:00,İade
10515,191,13,Elektronik,2101.05,5,2024-01-22 10:00:00,İptal
10516,21,46,Spor,2633.29,7,2024-01-22 11:00:00,Kargoda
10517,176,24,Kozmetik,1434.2,5,2024-01-22 12:00:00,Teslim
10518,14,3,Ev,208.62,7,2024-01-22 13:00:00,Teslim
10519,95,25,Elektronik,3091.21,6,2024-01-22 14:00:00,Teslim
10520,119,23,Spor,1899.9,5,2024-01-22 15:00:00,Kargoda
10521,72,43,Ev,3274.11,4,2024-01-22 16:00:00,Teslim
10522,30,35,Elektronik,587.9,6,2024-01-22 17:00:00,İptal
10523,39,10,Giyim,118.2,7,2024-01-22 18:00:00,Teslim
10524,165,8,Ev,1279.06,9,2024-01-22 19:00:00,Teslim
10525,64,30,Elektronik,2309.91,6,2024-01-22 20:00:00,Teslim
10526,62,3,Giyim,2000.66,1,2024-01-22 21:00:00,Teslim
10527,184,16,Ev,4061.0,6,2024-01-22 22:00:00,Teslim
10528,29,7,Spor,1920.3,3,2024-01-22 23:00:00,Teslim
10529,183,2,Elektronik,2675.68,1,2024-01-23 00:00:00,Kargoda
10530,184,46,Ev,2987.9,1,2024-01-23 01:00:00,Teslim
10531,120,5,Spor,158.07,6,2024-01-23 02:00:00,Teslim
10532,33,1,Spor,2599.91,9,2024-01-23 03:00:00,Teslim
10533,32,46,Spor,1756.91,5,2024-01-23 04:00:00,Teslim
10534,57,10,Elektronik,2135.34,5,2024-01-23 05:00:00,Teslim
10535,115,41,Spor,546.42,1,2024-01-23 06:00:00,Kargoda
10536,31,2,Spor,3924.96,7,2024-01-23 07:00:00,Kargoda
10537,91,8,Giyim,4714.9,1,2024-01-23 08:00:00,Teslim
10538,23,6,Ev,160.23,8,2024-01-23 09:00:00,Teslim
10539,108,35,Ev,3026.8,8,2024-01-23 10:00:00,Teslim
10540,5,31,Ev,3831.03,9,2024-01-23 11:00:00,Teslim
10541,142,24,Giyim,1459.8,3,2024-01-23 12:00:00,İptal
10542,12,12,Spor,3948.4,2,2024-01-23 13:00:00,Teslim
10543,39,5,Spor,3180.16,3,2024-01-23 14:00:00,İptal
10544,35,28,Giyim,4649.36,8,2024-01-23 15:00:00,Teslim
10545,166,12,Spor,4905.97,2,2024-01-23 16:00:00,Teslim
10546,11,29,Giyim,259.61,8,2024-01-23 17:00:00,Teslim
10547,86,34,Kozmetik,2252.44,2,2024-01-23 18:00:00,Teslim
10548,118,42,Ev,2757.59,1,2024-01-23 19:00:00,İade
10549,103,25,Ev,776.38,2,2024-01-23 20:00:00,Teslim
10550,136,1,Elektronik,1714.61,7,2024-01-23 21:00:00,İptal
10551,160,14,Kozmetik,4938.85,6,2024-01-23 22:00:00,İptal
10552,79,42,Giyim,130.34,4,2024-01-23 23:00:00,Teslim
10553,165,27,Giyim,2289.91,6,2024-01-24 00:00:00,Teslim
10554,64,31,Elektronik,4221.14,6,2024-01-24 01:00:00,Teslim
10555,196,23,Spor,1653.31,5,2024-01-24 02:00:00,Teslim
10556,101,8,Elektronik,2425.0,5,2024-01-24 03:00:00,Kargoda
10557,147,44,Kozmetik,4891.33,1,2024-01-24 04:00:00,Teslim
10558,175,38,Spor,2400.64,3,2024-01-24 05:00:00,İptal
10559,158,49,Elektronik,698.06,5,2024-01-24 06:00:00,Teslim
10560,170,42,Ev,306.02,2,2024-01-24 07:00:00,Teslim
10561,107,15,Ev,4729.81,5,2024-01-24 08:00:00,Kargoda
10562,9,13,Giyim,1365.76,2,2024-01-24 09:00:00,Teslim
10563,99,13,Kozmetik,2545.12,8,2024-01-24 10:00:00,İptal
10564,37,46,Ev,498.97,1,2024-01-24 11:00:00,Teslim
10565,177,28,Ev,2147.09,1,2024-01-24 12:00:00,İade
10566,48,23,Ev,4654.02,6,2024-01-24 13:00:00,Kargoda
10567,46,48,Spor,2536.94,2,2024-01-24 14:00:00,İptal
10568,50,30,Kozmetik,4857.12,4,2024-01-24 15:00:00,Teslim
10569,128,45,Giyim,1331.24,3,2024-01-24 16:00:00,Kargoda
10570,114,49,Spor,2547.5,2,2024-01-24 17:00:00,Teslim
10571,189,4,Spor,4304.68,7,2024-01-24 18:00:00,Kargoda
10572,83,18,Spor,2268.85,7,2024-01-24 19:00:00,Teslim
10573,57,36,Kozmetik,1433.46,3,2024-01-24 20:00:00,Teslim
10574,10,40,Giyim,4284.6,7,2024-01-24 21:00:00,Teslim
10575,2,8,Kozmetik,1979.95,7,2024-01-24 22:00:00,Teslim
10576,75,16,Giyim,2677.08,5,2024-01-24 23:00:00,Teslim
10577,185,27,Giyim,4883.81,6,2024-01-25 00:00:00,Kargoda
10578,105,40,Ev,973.09,9,2024-01-25 01:00:00,Teslim
10579,178,6,Spor,1541.93,5,2024-01-25 02:00:00,Kargoda
10580,21,30,Ev,203.79,4,2024-01-25 03:00:00,Teslim
10581,19,15,Giyim,1989.6,5,2024-01-25 04:00:00,Kargoda
10582,166,11,Ev,1040.91,8,2024-01-25 05:00:00,Kargoda
10583,22,26,Giyim,3416.17,7,2024-01-25 06:00:00,Teslim
10584,11,21,Kozmetik,947.54,1,2024-01-25 07:00:00,Kargoda
10585,81,32,Giyim,3390.32,5,2024-01-25 08:00:00,İptal
10586,185,16,Ev,1354.2,7,2024-01-25 09:00:00,Kargoda
10587,138,41,Giyim,1808.33,3,2024-01-25 10:00:00,Teslim
10588,20,4,Giyim,1776.86,9,2024-01-25 11:00:00,Teslim
10589,167,43,Spor,3597.92,8,2024-01-25 12:00:00,Kargoda
10590,168,2,Giyim,2359.22,8,2024-01-25 13:00:00,Teslim
10591,160,37,Elektronik,1838.43,1,2024-01-25 14:00:00,Kargoda
10592,180,17,Giyim,4270.48,6,2024-01-25 15:00:00,Teslim
10593,48,19,Ev,2881.16,5,2024-01-25 16:00:00,Kargoda
10594,195,1,Elektronik,1108.46,6,2024-01-25 17:00:00,Teslim
10595,64,35,Giyim,4505.45,8,2024-01-25 18:00:00,Teslim
10596,160,9,Elektronik,1746.12,4,2024-01-25 19:00:00,İade
10597,116,33,Ev,242.95,5,2024-01-25 20:00:00,İptal
10598,156,36,Kozmetik,2498.27,7,2024-01-25 21:00:00,İptal
10599,125,42,Spor,663.49,7,2024-01-25 22:00:00,İade
10600,128,35,Giyim,1230.41,7,2024-01-25 23:00:00,Teslim
10601,123,15,Spor,3748.2,4,2024-01-26 00:00:00,Teslim
10602,156,37,Giyim,697.22,9,2024-01-26 01:00:00,Teslim
10603,148,41,Kozmetik,4044.37,1,2024-01-26 02:00:00,Teslim
10604,27,16,Ev,4687.69,5,2024-01-26 03:00:00,Teslim
10605,165,7,Kozmetik,3052.33,6,2024-01-26 04:00:00,İptal
10606,107,44,Kozmetik,3566.28,1,2024-01-26 05:00:00,Teslim
10607,65,8,Ev,3582.25,5,2024-01-26 06:00:00,Teslim
10608,103,30,Giyim,4964.4,6,2024-01-26 07:00:00,Teslim
10609,193,12,Ev,1740.61,6,2024-01-26 08:00:00,Teslim
10610,171,7,Spor,856.14,2,2024-01-26 09:00:00,Teslim
10611,166,39,Spor,2619.88,3,2024-01-26 10:00:00,Teslim
10612,93,8,Spor,2689.59,3,2024-01-26 11:00:00,Teslim
10613,157,33,Elektronik,930.67,6,2024-01-26 12:00:00,Teslim
10614,77,34,Ev,3084.89,3,2024-01-26 13:00:00,İptal
10615,137,3,Elektronik,119.92,6,2024-01-26 14:00:00,Teslim
10616,128,9,Kozmetik,4641.96,7,2024-01-26 15:00:00,Teslim
10617,50,39,Spor,1359.64,8,2024-01-26 16:00:00,Teslim
10618,54,25,Elektronik,245.82,2,2024-01-26 17:00:00,Teslim
10619,13,6,Kozmetik,585.83,9,2024-01-26 18:00:00,Teslim
10620,28,49,Spor,1239.23,2,2024-01-26 19:00:00,İade
10621,87,13,Spor,1405.84,1,2024-01-26 20:00:00,Teslim
10622,96,1,Giyim,212.41,1,2024-01-26 21:00:00,Teslim
10623,33,46,Elektronik,1432.81,2,2024-01-26 22:00:00,Teslim
10624,83,1,Spor,1005.06,8,2024-01-26 23:00:00,Kargoda
10625,121,28,Spor,1924.17,2,2024-01-27 00:00:00,Teslim
10626,47,49,Ev,1956.58,7,2024-01-27 01:00:00,Teslim
10627,68,29,Spor,1728.09,4,2024-01-27 02:00:00,İptal
10628,74,29,Elektronik,1673.22,1,2024-01-27 03:00:00,Teslim
10629,101,20,Kozmetik,494.17,4,2024-01-27 04:00:00,Teslim
10630,73,7,Elektronik,174.76,1,2024-01-27 05:00:00,Teslim
10631,147,29,Spor,1050.47,5,2024-01-27 06:00:00,Teslim
10632,66,44,Kozmetik,3795.41,6,2024-01-27 07:00:00,İade
10633,87,5,Spor,4954.51,5,2024-01-27 08:00:00,Teslim
10634,76,44,Ev,4646.2,3,2024-01-27 09:00:00,Teslim
10635,37,21,Elektronik,2545.89,7,2024-01-27 10:00:00,Teslim
10636,137,27,Elektronik,2682.53,6,2024-01-27 11:00:00,Teslim
10637,47,9,Giyim,1607.18,3,2024-01-27 12:00:00,Kargoda
10638,60,31,Kozmetik,3881.0,4,2024-01-27 13:00:00,Teslim
10639,158,9,Elektronik,3835.55,1,2024-01-27 14:00:00,Kargoda
10640,189,14,Spor,4229.15,9,2024-01-27 15:00:00,Teslim
10641,134,36,Giyim,4482.75,7,2024-01-27 16:00:00,Teslim
10642,183,3,Ev,2200.03,3,2024-01-27 17:00:00,Teslim
10643,170,22,Giyim,3846.03,7,2024-01-27 18:00:00,Kargoda
10644,96,30,Ev,4041.67,7,2024-01-27 19:00:00,Teslim
10645,154,7,Ev,1576.88,6,2024-01-27 20:00:00,Teslim
10646,66,15,Elektronik,4649.75,1,2024-01-27 21:00:00,Kargoda
10647,92,17,Ev,516.99,8,2024-01-27 22:00:00,Teslim
10648,107,33,Kozmetik,4971.63,9,2024-01-27 23:00:00,Teslim
10649,192,48,Spor,3861.95,9,2024-01-28 00:00:00,Teslim
10650,169,41,Giyim,511.69,9,2024-01-28 01:00:00,İptal
10651,98,10,Spor,3298.34,9,2024-01-28 02:00:00,Teslim
10652,130,1,Spor,219.19,7,2024-01-28 03:00:00,Teslim
10653,41,3,Spor,3862.43,1,2024-01-28 04:00:00,Teslim
10654,161,30,Giyim,4006.15,5,2024-01-28 05:00:00,Teslim
10655,111,8,Spor,3031.93,3,2024-01-28 06:00:00,Teslim
10656,107,12,Ev,4291.46,2,2024-01-28 07:00:00,Teslim
10657,153,42,Elektronik,534.52,8,2024-01-28 08:00:00,Teslim
10658,126,43,Giyim,1415.82,8,2024-01-28 09:00:00,Teslim
10659,15,42,Kozmetik,2100.18,5,2024-01-28 10:00:00,İptal
10660,58,13,Elektronik,260.17,7,2024-01-28 11:00:00,Teslim
10661,36,31,Ev,2268.67,2,2024-01-28 12:00:00,Teslim
10662,147,30,Kozmetik,1362.81,2,2024-01-28 13:00:00,İptal
10663,7,10,Elektronik,1994.04,8,2024-01-28 14:00:00,İptal
10664,41,28,Ev,2154.26,5,2024-01-28 15:00:00,Teslim
10665,119,26,Giyim,4403.09,5,2024-01-28 16:00:00,Teslim
10666,139,20,Ev,1388.19,5,2024-01-28 17:00:00,Teslim
10667,101,37,Giyim,4474.03,2,2024-01-28 18:00:00,Teslim
10668,172,34,Spor,2158.56,8,2024-01-28 19:00:00,Teslim
10669,183,27,Elektronik,1672.65,7,2024-01-28 20:00:00,Teslim
10670,27,36,Spor,2537.43,7,2024-01-28 21:00:00,Teslim
10671,190,38,Kozmetik,2117.83,4,2024-01-28 22:00:00,Teslim
10672,123,28,Spor,1323.99,6,2024-01-28 23:00:00,Teslim
10673,127,14,Spor,2538.26,9,2024-01-29 00:00:00,Teslim
10674,19,38,Elektronik,801.42,6,2024-01-29 01:00:00,Teslim
10675,124,36,Spor,1792.05,5,2024-01-29 02:00:00,Kargoda
10676,145,49,Ev,2850.66,3,2024-01-29 03:00:00,İptal
10677,116,8,Spor,2096.37,5,2024-01-29 04:00:00,Teslim
10678,17,21,Spor,4128.37,4,2024-01-29 05:00:00,Teslim
10679,105,46,Ev,1320.77,6,2024-01-29 06:00:00,Teslim
10680,187,26,Giyim,4850.37,1,2024-01-29 07:00:00,Teslim
10681,144,47,Elektronik,3934.37,2,2024-01-29 08:00:00,Kargoda
10682,28,1,Elektronik,4839.59,8,2024-01-29 09:00:00,Teslim
10683,192,2,Giyim,4198.78,4,2024-01-29 10:00:00,Teslim
10684,191,40,Spor,753.41,4,2024-01-29 11:00:00,Teslim
10685,34,18,Ev,2655.98,5,2024-01-29 12:00:00,Teslim
10686,160,26,Ev,891.39,4,2024-01-29 13:00:00,Teslim
10687,81,21,Giyim,4100.23,7,2024-01-29 14:00:00,Teslim
10688,119,20,Ev,2941.6,3,2024-01-29 15:00:00,İade
10689,89,47,Kozmetik,1354.07,7,2024-01-29 16:00:00,Teslim
10690,156,5,Spor,4651.51,2,2024-01-29 17:00:00,Teslim
10691,199,38,Kozmetik,620.17,4,2024-01-29 18:00:00,Teslim
10692,159,44,Kozmetik,2841.12,6,2024-01-29 19:00:00,Teslim
10693,186,33,Spor,3619.15,8,2024-01-29 20:00:00,Teslim
10694,189,20,Ev,341.3,3,2024-01-29 21:00:00,Teslim
10695,18,8,Spor,3009.39,6,2024-01-29 22:00:00,Kargoda
10696,51,34,Giyim,4088.71,1,2024-01-29 23:00:00,Teslim
10697,144,23,Elektronik,384.26,1,2024-01-30 00:00:00,Teslim
10698,118,8,Ev,2585.6,7,2024-01-30 01:00:00,Teslim
10699,10,18,Elektronik,1329.86,7,2024-01-30 02:00:00,Teslim
10700,19,48,Elektronik,3331.48,4,2024-01-30 03:00:00,Teslim
10701,104,14,Spor,637.45,6,2024-01-30 04:00:00,İptal
10702,123,9,Kozmetik,4688.4,4,2024-01-30 05:00:00,Teslim
10703,34,34,Giyim,4478.91,3,2024-01-30 06:00:00,Teslim
10704,35,10,Spor,970.57,4,2024-01-30 07:00:00,Teslim
10705,26,46,Elektronik,1650.17,3,2024-01-30 08:00:00,Teslim
10706,113,43,Giyim,2958.79,8,2024-01-30 09:00:00,Teslim
10707,2,49,Kozmetik,3604.41,4,2024-01-30 10:00:00,Teslim
10708,114,45,Giyim,2241.15,3,2024-01-30 11:00:00,Teslim
10709,95,12,Kozmetik,823.64,5,2024-01-30 12:00:00,Teslim
10710,93,11,Spor,565.55,7,2024-01-30 13:00:00,Kargoda
10711,136,17,Elektronik,4998.84,3,2024-01-30 14:00:00,İptal
10712,105,24,Elektronik,2303.99,9,2024-01-30 15:00:00,Kargoda
10713,145,44,Spor,4369.03,5,2024-01-30 16:00:00,İade
10714,153,36,Ev,2437.76,6,2024-01-30 17:00:00,Kargoda
10715,184,32,Ev,4615.67,9,2024-01-30 18:00:00,İptal
10716,160,44,Ev,484.41,4,2024-01-30 19:00:00,Kargoda
10717,104,32,Ev,614.39,2,2024-01-30 20:00:00,Kargoda
10718,98,19,Kozmetik,4651.68,7,2024-01-30 21:00:00,Kargoda
10719,47,21,Ev,4740.09,1,2024-01-30 22:00:00,İptal
10720,120,26,Elektronik,1607.85,5,2024-01-30 23:00:00,Teslim
10721,28,5,Kozmetik,1808.07,9,2024-01-31 00:00:00,Teslim
10722,186,37,Kozmetik,2289.63,4,2024-01-31 01:00:00,Teslim
10723,169,32,Elektronik,2110.0,7,2024-01-31 02:00:00,İptal
10724,24,36,Giyim,990.72,5,2024-01-31 03:00:00,Teslim
10725,157,27,Kozmetik,4496.96,2,2024-01-31 04:00:00,Kargoda
10726,24,39,Kozmetik,1303.87,3,2024-01-31 05:00:00,Kargoda
10727,144,47,Elektronik,3541.1,5,2024-01-31 06:00:00,İade
10728,18,28,Elektronik,382.42,1,2024-01-31 07:00:00,Teslim
10729,98,22,Ev,241.82,4,2024-01-31 08:00:00,Kargoda
10730,131,6,Ev,3285.97,4,2024-01-31 09:00:00,Kargoda
10731,146,39,Spor,1728.13,8,2024-01-31 10:00:00,İptal
10732,84,45,Ev,3294.52,2,2024-01-31 11:00:00,İptal
10733,184,35,Spor,515.4,8,2024-01-31 12:00:00,Teslim
10734,155,43,Giyim,4751.76,4,2024-01-31 13:00:00,Teslim
10735,42,43,Ev,3755.15,6,2024-01-31 14:00:00,Teslim
10736,134,40,Elektronik,4387.52,6,2024-01-31 15:00:00,İade
10737,146,25,Ev,725.53,3,2024-01-31 16:00:00,Teslim
10738,67,5,Elektronik,1634.8,9,2024-01-31 17:00:00,Kargoda
10739,147,1,Ev,1873.3,3,2024-01-31 18:00:00,Kargoda
10740,179,11,Giyim,2709.0,1,2024-01-31 19:00:00,Teslim
10741,163,22,Elektronik,1519.5,7,2024-01-31 20:00:00,Teslim
10742,152,37,Elektronik,350.12,6,2024-01-31 21:00:00,Teslim
10743,127,23,Ev,1875.95,9,2024-01-31 22:00:00,İptal
10744,54,2,Spor,1310.02,5,2024-01-31 23:00:00,Teslim
10745,159,11,Elektronik,1960.31,1,2024-02-01 00:00:00,Teslim
10746,73,48,Ev,1024.95,1,2024-02-01 01:00:00,Kargoda
10747,106,49,Giyim,1346.39,4,2024-02-01 02:00:00,Teslim
10748,63,19,Spor,3153.41,3,2024-02-01 03:00:00,İptal
10749,63,40,Ev,1971.36,9,2024-02-01 04:00:00,Teslim
10750,32,36,Spor,1759.65,2,2024-02-01 05:00:00,Teslim
10751,192,46,Giyim,2692.83,8,2024-02-01 06:00:00,Teslim
10752,30,44,Elektronik,3870.71,2,2024-02-01 07:00:00,Teslim
10753,18,31,Ev,1925.4,2,2024-02-01 08:00:00,Teslim
10754,187,20,Kozmetik,2958.22,3,2024-02-01 09:00:00,Kargoda
10755,111,31,Spor,4832.7,2,2024-02-01 10:00:00,Teslim
10756,88,16,Spor,2633.8,4,2024-02-01 11:00:00,Teslim
10757,147,18,Spor,4553.5,3,2024-02-01 12:00:00,Teslim
10758,77,30,Kozmetik,3978.68,5,2024-02-01 13:00:00,Teslim
10759,26,28,Giyim,340.66,5,2024-02-01 14:00:00,İptal
10760,146,29,Ev,2174.04,1,2024-02-01 15:00:00,Teslim
10761,36,19,Elektronik,3506.68,2,2024-02-01 16:00:00,İade
10762,111,21,Ev,4934.22,2,2024-02-01 17:00:00,Teslim
10763,189,1,Giyim,2318.96,2,2024-02-01 18:00:00,Teslim
10764,187,30,Elektronik,509.29,1,2024-02-01 19:00:00,Teslim
10765,72,29,Giyim,2831.95,3,2024-02-01 20:00:00,Teslim
10766,156,46,Ev,676.49,5,2024-02-01 21:00:00,Kargoda
10767,122,25,Giyim,3770.02,3,2024-02-01 22:00:00,Teslim
10768,96,23,Spor,2563.0,3,2024-02-01 23:00:00,Teslim
10769,28,4,Ev,3630.99,5,2024-02-02 00:00:00,Teslim
10770,75,10,Spor,4353.34,5,2024-02-02 01:00:00,Teslim
10771,130,17,Kozmetik,3163.29,3,2024-02-02 02:00:00,İptal
10772,197,19,Elektronik,3081.57,2,2024-02-02 03:00:00,İade
10773,1,18,Giyim,3785.12,4,2024-02-02 04:00:00,Teslim
10774,143,20,Kozmetik,4220.15,1,2024-02-02 05:00:00,Kargoda
10775,169,38,Ev,4351.82,5,2024-02-02 06:00:00,Kargoda
10776,190,7,Giyim,230.33,9,2024-02-02 07:00:00,Teslim
10777,85,17,Ev,2803.14,4,2024-02-02 08:00:00,Kargoda
10778,24,8,Spor,1120.53,1,2024-02-02 09:00:00,Teslim
10779,54,16,Giyim,4308.71,7,2024-02-02 10:00:00,Kargoda
10780,170,34,Elektronik,3259.57,2,2024-02-02 11:00:00,İade
10781,175,3,Giyim,2130.1,2,2024-02-02 12:00:00,Teslim
10782,127,17,Spor,981.12,2,2024-02-02 13:00:00,Kargoda
10783,25,2,Kozmetik,1728.17,8,2024-02-02 14:00:00,İptal
10784,25,47,Spor,3533.7,9,2024-02-02 15:00:00,Teslim
10785,96,36,Spor,1061.58,6,2024-02-02 16:00:00,Teslim
10786,118,12,Elektronik,513.24,6,2024-02-02 17:00:00,İptal
10787,7,10,Giyim,4445.74,6,2024-02-02 18:00:00,İade
10788,137,5,Elektronik,3832.84,6,2024-02-02 19:00:00,Teslim
10789,109,24,Elektronik,1038.98,5,2024-02-02 20:00:00,Teslim
10790,3,37,Spor,1496.94,9,2024-02-02 21:00:00,Teslim
10791,20,29,Spor,4861.75,7,2024-02-02 22:00:00,Teslim
10792,91,44,Elektronik,3555.51,1,2024-02-02 23:00:00,Teslim
10793,144,17,Kozmetik,3072.08,4,2024-02-03 00:00:00,Teslim
10794,165,14,Ev,1572.76,9,2024-02-03 01:00:00,Teslim
10795,86,24,Elektronik,1530.67,4,2024-02-03 02:00:00,Teslim
10796,59,10,Spor,245.64,2,2024-02-03 03:00:00,Teslim
10797,193,48,Spor,3655.99,8,2024-02-03 04:00:00,Teslim
10798,92,10,Ev,263.72,6,2024-02-03 05:00:00,Kargoda
10799,63,24,Kozmetik,74.04,6,2024-02-03 06:00:00,Teslim
10800,89,26,Giyim,3661.0,4,2024-02-03 07:00:00,Teslim
10801,3,3,Kozmetik,4746.93,2,2024-02-03 08:00:00,Teslim
10802,61,23,Ev,3794.69,4,2024-02-03 09:00:00,Teslim
10803,103,23,Spor,2384.62,4,2024-02-03 10:00:00,Teslim
10804,183,13,Elektronik,2455.92,9,2024-02-03 11:00:00,Teslim
10805,147,7,Elektronik,2208.88,3,2024-02-03 12:00:00,Teslim
10806,156,3,Spor,1656.99,2,2024-02-03 13:00:00,Teslim
10807,109,1,Giyim,2632.49,4,2024-02-03 14:00:00,Teslim
10808,23,24,Giyim,2184.2,9,2024-02-03 15:00:00,Teslim
10809,78,5,Kozmetik,3010.93,5,2024-02-03 16:00:00,İptal
10810,199,48,Elektronik,4495.69,4,2024-02-03 17:00:00,Kargoda
10811,9,12,Ev,4975.3,7,2024-02-03 18:00:00,Teslim
10812,175,32,Giyim,439.78,6,2024-02-03 19:00:00,Teslim
10813,137,34,Elektronik,1954.18,3,2024-02-03 20:00:00,Teslim
10814,57,25,Spor,944.5,9,2024-02-03 21:00:00,Teslim
10815,155,44,Elektronik,1793.0,6,2024-02-03 22:00:00,Teslim
10816,167,6,Elektronik,1472.99,1,2024-02-03 23:00:00,Teslim
10817,9,12,Kozmetik,913.96,4,2024-02-04 00:00:00,Teslim
10818,22,13,Spor,3832.18,9,2024-02-04 01:00:00,Teslim
10819,133,7,Elektronik,2506.63,4,2024-02-04 02:00:00,Teslim
10820,199,15,Kozmetik,4600.27,6,2024-02-04 03:00:00,Kargoda
10821,5,16,Ev,211.33,6,2024-02-04 04:00:00,Kargoda
10822,133,38,Spor,381.54,7,2024-02-04 05:00:00,Teslim
10823,28,15,Elektronik,2046.2,8,2024-02-04 06:00:00,Teslim
10824,130,43,Spor,447.37,2,2024-02-04 07:00:00,Teslim
10825,125,38,Kozmetik,1350.51,5,2024-02-04 08:00:00,Kargoda
10826,18,45,Spor,4930.85,5,2024-02-04 09:00:00,Teslim
10827,136,6,Giyim,1084.35,2,2024-02-04 10:00:00,Teslim
10828,179,49,Spor,1030.68,7,2024-02-04 11:00:00,Teslim
10829,172,31,Kozmetik,2889.52,2,2024-02-04 12:00:00,İptal
10830,6,49,Elektronik,2515.09,5,2024-02-04 13:00:00,Teslim
10831,49,18,Spor,2923.17,3,2024-02-04 14:00:00,Teslim
10832,48,47,Kozmetik,1914.84,2,2024-02-04 15:00:00,Teslim
10833,91,29,Giyim,4142.47,8,2024-02-04 16:00:00,Teslim
10834,29,4,Ev,735.97,3,2024-02-04 17:00:00,Teslim
10835,171,21,Giyim,2170.54,3,2024-02-04 18:00:00,Teslim
10836,155,7,Ev,3464.32,8,2024-02-04 19:00:00,Teslim
10837,161,47,Spor,4347.77,8,2024-02-04 20:00:00,Teslim
10838,40,15,Spor,1879.38,1,2024-02-04 21:00:00,Teslim
10839,3,11,Giyim,2860.34,3,2024-02-04 22:00:00,Kargoda
10840,182,28,Spor,392.24,7,2024-02-04 23:00:00,Teslim
10841,58,21,Ev,893.08,8,2024-02-05 00:00:00,Teslim
10842,131,5,Kozmetik,392.23,9,2024-02-05 01:00:00,Teslim
10843,181,41,Kozmetik,3653.01,5,2024-02-05 02:00:00,Teslim
10844,8,42,Ev,1475.9,1,2024-02-05 03:00:00,Teslim
10845,2,37,Ev,3632.54,8,2024-02-05 04:00:00,İade
10846,2,31,Ev,378.67,2,2024-02-05 05:00:00,Teslim
10847,32,20,Spor,4319.61,2,2024-02-05 06:00:00,Kargoda
10848,11,27,Giyim,4185.87,7,2024-02-05 07:00:00,Kargoda
10849,164,26,Giyim,490.2,6,2024-02-05 08:00:00,Teslim
10850,121,9,Giyim,167.59,1,2024-02-05 09:00:00,Teslim
10851,196,5,Elektronik,328.63,2,2024-02-05 10:00:00,Teslim
10852,160,13,Giyim,4275.47,6,2024-02-05 11:00:00,Teslim
10853,192,23,Elektronik,1211.78,3,2024-02-05 12:00:00,Teslim
10854,48,8,Elektronik,2763.95,7,2024-02-05 13:00:00,Teslim
10855,58,6,Kozmetik,2159.91,4,2024-02-05 14:00:00,Teslim
10856,170,42,Elektronik,3987.85,6,2024-02-05 15:00:00,Teslim
10857,49,19,Ev,2470.05,5,2024-02-05 16:00:00,Kargoda
10858,12,29,Kozmetik,2528.27,4,2024-02-05 17:00:00,Teslim
10859,134,26,Kozmetik,4946.01,4,2024-02-05 18:00:00,Kargoda
10860,160,37,Ev,793.14,7,2024-02-05 19:00:00,Teslim
10861,193,37,Elektronik,4161.98,5,2024-02-05 20:00:00,Teslim
10862,185,15,Spor,306.16,6,2024-02-05 21:00:00,Teslim
10863,24,42,Spor,2414.36,6,2024-02-05 22:00:00,Teslim
10864,154,19,Kozmetik,4437.36,2,2024-02-05 23:00:00,Teslim
10865,169,41,Elektronik,3342.81,9,2024-02-06 00:00:00,İptal
10866,139,20,Elektronik,3441.81,6,2024-02-06 01:00:00,Teslim
10867,164,6,Giyim,1353.42,7,2024-02-06 02:00:00,Teslim
10868,167,38,Elektronik,2121.95,8,2024-02-06 03:00:00,Teslim
10869,89,2,Spor,1864.58,9,2024-02-06 04:00:00,Teslim
10870,8,38,Giyim,2631.14,7,2024-02-06 05:00:00,Teslim
10871,91,3,Giyim,2338.03,8,2024-02-06 06:00:00,Teslim
10872,41,11,Spor,1668.15,5,2024-02-06 07:00:00,Teslim
10873,23,30,Spor,1562.13,7,2024-02-06 08:00:00,Teslim
10874,25,47,Giyim,1291.72,3,2024-02-06 09:00:00,Teslim
10875,139,21,Giyim,1856.98,7,2024-02-06 10:00:00,İade
10876,101,6,Ev,792.21,1,2024-02-06 11:00:00,Teslim
10877,108,12,Kozmetik,4366.92,9,2024-02-06 12:00:00,Teslim
10878,149,44,Spor,3030.49,3,2024-02-06 13:00:00,İade
10879,110,36,Spor,712.24,6,2024-02-06 14:00:00,Teslim
10880,126,5,Spor,3484.6,1,2024-02-06 15:00:00,Teslim
10881,18,19,Elektronik,4245.95,2,2024-02-06 16:00:00,Kargoda
10882,170,13,Giyim,1225.8,9,2024-02-06 17:00:00,İptal
10883,90,9,Ev,795.47,8,2024-02-06 18:00:00,Kargoda
10884,31,42,Elektronik,92.66,3,2024-02-06 19:00:00,Teslim
10885,162,31,Giyim,283.89,2,2024-02-06 20:00:00,İade
10886,147,9,Elektronik,3823.14,8,2024-02-06 21:00:00,Teslim
10887,11,32,Spor,4936.57,9,2024-02-06 22:00:00,İade
10888,39,21,Elektronik,272.16,2,2024-02-06 23:00:00,Kargoda
10889,4,4,Elektronik,3752.95,6,2024-02-07 00:00:00,İptal
10890,54,23,Elektronik,405.72,3,2024-02-07 01:00:00,Teslim
10891,20,10,Elektronik,2981.06,7,2024-02-07 02:00:00,Teslim
10892,142,13,Ev,3792.57,4,2024-02-07 03:00:00,Teslim
10893,104,44,Giyim,1828.06,2,2024-02-07 04:00:00,Teslim
10894,196,35,Spor,104.13,3,2024-02-07 05:00:00,Teslim
10895,150,7,Giyim,2996.19,5,2024-02-07 06:00:00,İptal
10896,122,42,Ev,4956.66,8,2024-02-07 07:00:00,Teslim
10897,102,29,Kozmetik,1325.21,1,2024-02-07 08:00:00,Teslim
10898,11,43,Kozmetik,987.98,9,2024-02-07 09:00:00,Teslim
10899,14,37,Kozmetik,663.43,6,2024-02-07 10:00:00,Teslim
10900,123,17,Giyim,2798.52,8,2024-02-07 11:00:00,Teslim
10901,1,27,Ev,3002.4,9,2024-02-07 12:00:00,Teslim
10902,9,27,Spor,3971.74,2,2024-02-07 13:00:00,Kargoda
10903,44,36,Spor,3777.71,1,2024-02-07 14:00:00,Kargoda
10904,176,13,Kozmetik,4468.08,7,2024-02-07 15:00:00,Teslim
10905,92,17,Kozmetik,4038.57,2,2024-02-07 16:00:00,Teslim
10906,142,12,Spor,1273.97,2,2024-02-07 17:00:00,Teslim
10907,82,15,Kozmetik,2801.59,5,2024-02-07 18:00:00,Kargoda
10908,35,8,Spor,1522.19,9,2024-02-07 19:00:00,İptal
10909,74,2,Elektronik,1682.44,8,2024-02-07 20:00:00,Teslim
10910,19,47,Giyim,4663.12,5,2024-02-07 21:00:00,Kargoda
10911,154,4,Elektronik,3425.38,2,2024-02-07 22:00:00,Teslim
10912,37,44,Elektronik,4874.22,4,2024-02-07 23:00:00,Teslim
10913,75,1,Ev,2113.72,7,2024-02-08 00:00:00,İptal
10914,196,39,Giyim,2710.32,2,2024-02-08 01:00:00,Teslim
10915,118,17,Ev,2461.22,5,2024-02-08 02:00:00,Teslim
10916,92,26,Ev,581.07,1,2024-02-08 03:00:00,Teslim
10917,109,14,Kozmetik,1221.67,3,2024-02-08 04:00:00,Teslim
10918,157,25,Spor,2661.8,3,2024-02-08 05:00:00,Teslim
10919,51,23,Spor,383.5,7,2024-02-08 06:00:00,Teslim
10920,127,26,Giyim,4660.74,9,2024-02-08 07:00:00,Teslim
10921,174,20,Giyim,663.03,2,2024-02-08 08:00:00,Teslim
10922,114,27,Kozmetik,1030.0,8,2024-02-08 09:00:00,İptal
10923,89,41,Elektronik,3838.34,6,2024-02-08 10:00:00,Teslim
10924,29,22,Ev,529.83,9,2024-02-08 11:00:00,İptal
10925,50,18,Ev,4506.38,9,2024-02-08 12:00:00,Teslim
10926,189,7,Elektronik,3642.22,1,2024-02-08 13:00:00,Teslim
10927,108,18,Kozmetik,389.67,7,2024-02-08 14:00:00,Teslim
10928,60,7,Giyim,3474.64,6,2024-02-08 15:00:00,Kargoda
10929,84,9,Elektronik,3176.56,2,2024-02-08 16:00:00,Teslim
10930,116,47,Kozmetik,3798.88,3,2024-02-08 17:00:00,İptal
10931,107,5,Elektronik,4149.58,9,2024-02-08 18:00:00,Teslim
10932,140,24,Kozmetik,3605.84,5,2024-02-08 19:00:00,Teslim
10933,52,41,Elektronik,2951.57,4,2024-02-08 20:00:00,Teslim
10934,130,47,Ev,1646.19,3,2024-02-08 21:00:00,Teslim
10935,89,8,Spor,3501.5,8,2024-02-08 22:00:00,Teslim
10936,188,9,Giyim,4787.01,3,2024-02-08 23:00:00,Teslim
10937,32,19,Kozmetik,2958.23,2,2024-02-09 00:00:00,Teslim
10938,30,28,Kozmetik,3338.51,6,2024-02-09 01:00:00,Teslim
10939,92,48,Spor,2213.78,9,2024-02-09 02:00:00,Teslim
10940,102,11,Elektronik,3792.8,2,2024-02-09 03:00:00,Teslim
10941,138,9,Kozmetik,4988.45,3,2024-02-09 04:00:00,Teslim
10942,81,13,Spor,843.93,5,2024-02-09 05:00:00,Teslim
10943,182,43,Kozmetik,1051.91,2,2024-02-09 06:00:00,Teslim
10944,95,2,Elektronik,2720.22,6,2024-02-09 07:00:00,Teslim
10945,26,19,Spor,2432.81,3,2024-02-09 08:00:00,Teslim
10946,24,6,Elektronik,2879.27,2,2024-02-09 09:00:00,İptal
10947,194,8,Ev,292.92,3,2024-02-09 10:00:00,Teslim
10948,27,45,Ev,2051.17,9,2024-02-09 11:00:00,Teslim
10949,189,1,Ev,2935.74,9,2024-02-09 12:00:00,İptal
10950,56,16,Ev,2946.7,5,2024-02-09 13:00:00,Teslim
10951,19,45,Elektronik,3303.8,4,2024-02-09 14:00:00,Teslim
10952,61,30,Ev,3615.07,8,2024-02-09 15:00:00,İade
10953,123,4,Spor,3225.66,2,2024-02-09 16:00:00,İptal
10954,86,23,Ev,3961.7,6,2024-02-09 17:00:00,Kargoda
10955,157,48,Giyim,3142.57,7,2024-02-09 18:00:00,Teslim
10956,122,20,Spor,2710.66,7,2024-02-09 19:00:00,Teslim
10957,80,26,Elektronik,3050.67,2,2024-02-09 20:00:00,İade
10958,127,27,Ev,550.91,7,2024-02-09 21:00:00,İptal
10959,194,33,Ev,1402.12,6,2024-02-09 22:00:00,Teslim
10960,82,10,Ev,2660.63,8,2024-02-09 23:00:00,Teslim
10961,31,42,Spor,4371.29,2,2024-02-10 00:00:00,Teslim
10962,82,49,Ev,3411.31,6,2024-02-10 01:00:00,Teslim
10963,168,7,Spor,497.52,8,2024-02-10 02:00:00,Teslim
10964,44,41,Elektronik,2981.76,3,2024-02-10 03:00:00,Teslim
10965,189,41,Kozmetik,1147.6,7,2024-02-10 04:00:00,Teslim
10966,118,37,Ev,3683.38,1,2024-02-10 05:00:00,Teslim
10967,120,19,Giyim,4145.83,7,2024-02-10 06:00:00,Teslim
10968,64,23,Giyim,2987.61,6,2024-02-10 07:00:00,Teslim
10969,184,42,Kozmetik,2977.24,2,2024-02-10 08:00:00,Teslim
10970,8,8,Kozmetik,1726.03,1,2024-02-10 09:00:00,Teslim
10971,60,41,Kozmetik,2258.94,7,2024-02-10 10:00:00,İade
10972,84,46,Elektronik,4327.34,3,2024-02-10 11:00:00,Teslim
10973,95,34,Ev,3630.44,5,2024-02-10 12:00:00,Teslim
10974,95,17,Spor,2622.78,1,2024-02-10 13:00:00,Teslim
10975,30,28,Elektronik,1872.75,9,2024-02-10 14:00:00,Teslim
10976,45,3,Ev,299.38,5,2024-02-10 15:00:00,Teslim
10977,19,46,Ev,757.89,9,2024-02-10 16:00:00,Teslim
10978,114,17,Spor,1005.47,2,2024-02-10 17:00:00,Teslim
10979,70,3,Giyim,1898.25,2,2024-02-10 18:00:00,Teslim
10980,113,39,Ev,4723.51,6,2024-02-10 19:00:00,Teslim
10981,118,33,Kozmetik,2550.51,6,2024-02-10 20:00:00,Teslim
10982,140,31,Elektronik,1212.46,8,2024-02-10 21:00:00,Teslim
10983,109,3,Spor,573.46,9,2024-02-10 22:00:00,Teslim
10984,129,37,Spor,1724.61,8,2024-02-10 23:00:00,Teslim
10985,117,32,Kozmetik,4087.87,2,2024-02-11 00:00:00,Teslim
10986,130,39,Kozmetik,1947.55,3,2024-02-11 01:00:00,Teslim
10987,123,41,Kozmetik,3873.9,9,2024-02-11 02:00:00,Teslim
10988,63,11,Kozmetik,4023.39,5,2024-02-11 03:00:00,Teslim
10989,50,11,Spor,598.56,8,2024-02-11 04:00:00,İade
10990,157,46,Ev,3062.87,6,2024-02-11 05:00:00,İade
10991,69,27,Ev,4797.53,1,2024-02-11 06:00:00,İade
10992,110,22,Kozmetik,2040.58,5,2024-02-11 07:00:00,Teslim
10993,40,15,Elektronik,302.17,8,2024-02-11 08:00:00,Teslim
10994,86,32,Spor,4620.35,6,2024-02-11 09:00:00,Teslim
10995,106,37,Kozmetik,4424.15,2,2024-02-11 10:00:00,Teslim
10996,125,1,Kozmetik,2634.6,2,2024-02-11 11:00:00,Teslim
10997,105,28,Giyim,2783.65,8,2024-02-11 12:00:00,Teslim
10998,72,49,Giyim,1098.12,9,2024-02-11 13:00:00,Teslim
10999,192,14,Ev,4106.28,7,2024-02-11 14:00:00,Teslim
11000,103,14,Kozmetik,2518.07,1,2024-02-11 15:00:00,Teslim
